Source;Target;Type
www.minecraftforum.net;apis.google.com;Directed
www.minecraftforum.net;www.google.com;Directed
www.minecraftforum.net;static-minecraftforum.cursecdn.com;Directed
www.minecraftforum.net;media-minecraftforum.cursecdn.com;Directed
www.minecraftforum.net;media-hearth.cursecdn.com;Directed
www.minecraftforum.net;i.imgur.com;Directed
www.minecraftforum.net;modlist.mcf.li;Directed
www.minecraftforum.net;fonts.googleapis.com;Directed
www.minecraftforum.net;ads.pubmatic.com;Directed
www.minecraftforum.net;www.gstatic.com;Directed
www.minecraftforum.net;www.gravatar.com;Directed
www.minecraftforum.net;puu.sh;Directed
www.minecraftforum.net;cdm.cursecdn.com;Directed
www.minecraftforum.net;dl.dropboxusercontent.com;Directed
www.minecraftforum.net;www.youtube.com;Directed
www.minecraftforum.net;achievecraft.com;Directed
www.minecraftforum.net;fonts.gstatic.com;Directed
www.minecraftforum.net;geoservice.curse.com;Directed
www.minecraftforum.net;ib.adnxs.com;Directed
www.minecraftforum.net;tags.crwdcntrl.net;Directed
www.minecraftforum.net;aka-cdn-ns.adtechus.com;Directed
www.minecraftforum.net;googleads.g.doubleclick.net;Directed
www.minecraftforum.net;static.doubleclick.net;Directed
www.minecraftforum.net;www.googleadservices.com;Directed
www.minecraftforum.net;adserver.adtechus.com;Directed
www.minecraftforum.net;atpixelus.alephd.com;Directed
www.minecraftforum.net;d1xfq2052q7thw.cloudfront.net;Directed
www.minecraftforum.net;gslbeacon.lijit.com;Directed
www.minecraftforum.net;bid.g.doubleclick.net;Directed
www.minecraftforum.net;i.ytimg.com;Directed
www.minecraftforum.net;www.googletagservices.com;Directed
www.minecraftforum.net;tag.contextweb.com;Directed
www.minecraftforum.net;c.amazon-adsystem.com;Directed
www.minecraftforum.net;www.googletagmanager.com;Directed
www.minecraftforum.net;adservice.google.es;Directed
www.minecraftforum.net;adservice.google.com;Directed
www.minecraftforum.net;ad.doubleclick.net;Directed
www.minecraftforum.net;static.criteo.net;Directed
www.minecraftforum.net;curse-d.openx.net;Directed
www.minecraftforum.net;as.casalemedia.com;Directed
www.minecraftforum.net;i1.ytimg.com;Directed
www.minecraftforum.net;ap.lijit.com;Directed
www.minecraftforum.net;bid.contextweb.com;Directed
www.minecraftforum.net;www.google.es;Directed
www.minecraftforum.net;bidder.criteo.com;Directed
www.minecraftforum.net;aax.amazon-adsystem.com;Directed
www.minecraftforum.net;dnn506yrbagrg.cloudfront.net;Directed
www.minecraftforum.net;s.ntv.io;Directed
www.minecraftforum.net;securepubads.g.doubleclick.net;Directed
www.minecraftforum.net;www.google-analytics.com;Directed
www.minecraftforum.net;b.scorecardresearch.com;Directed
www.minecraftforum.net;0914.global.ssl.fastly.net;Directed
www.minecraftforum.net;cdn3.optimizely.com;Directed
www.minecraftforum.net;accounts.google.com;Directed
www.minecraftforum.net;s.ytimg.com;Directed
www.minecraftforum.net;deviceidshare.twitch.tv;Directed
www.minecraftforum.net;yt3.ggpht.com;Directed
www.minecraftforum.net;gtrk.s3.amazonaws.com;Directed
www.minecraftforum.net;secure-us.imrworldwide.com;Directed
www.minecraftforum.net;ssl.gstatic.com;Directed
www.minecraftforum.net;jadserve.postrelease.com;Directed
www.minecraftforum.net;tpc.googlesyndication.com;Directed
